"Organism","Number_of_patients","frequency_per_tested","frequency_per_tested_lci","frequency_per_tested_uci"
"S. aureus",89,988.559369099189,804.07878,1214.84716
"Enterococcus spp.",86,955.237143174497,774.19041,1178.1195
"S. pneumoniae",8,88.8592691325114,45.03384,175.25935
"Salmonella spp.",21,233.255581472842,152.61973,356.34291
"E. coli",157,1743.86315672554,1493.33002,2035.55922
"K. pneumoniae",135,1499.50016661113,1268.34609,1772.02561
"P. aeruginosa",48,533.155614795068,402.38768,706.11922
"Acinetobacter spp.",105,1166.27790736421,964.40424,1409.80719
