"Organism","Number_of_patients","frequency_per_tested","frequency_per_tested_lci","frequency_per_tested_uci"
"S. aureus",100,680.087051142546,559.52223,826.41506
"Enterococcus spp.",38,258.433079434168,188.35128,354.49832
"S. pneumoniae",22,149.61915125136,98.83102,226.44757
"Salmonella spp.",27,183.623503808487,126.23273,267.0368
"E. coli",234,1591.40369967356,1401.40627,1806.68827
"K. pneumoniae",122,829.706202393906,695.38976,989.70768
"P. aeruginosa",44,299.23830250272,222.99628,401.44245
"Acinetobacter spp.",123,836.507072905332,701.59673,997.09889
