"Organism","Number_of_patients","frequency_per_tested","frequency_per_tested_lci","frequency_per_tested_uci"
"S. aureus",90,953.086942708885,776.0931,1169.96961
"Enterococcus spp.",73,773.059409086096,615.33188,970.82217
"S. pneumoniae",10,105.898549189876,57.53374,194.84118
"Salmonella spp.",26,275.336227893678,187.97241,403.14007
"E. coli",314,3325.21444456211,2982.14405,3706.24446
"K. pneumoniae",183,1937.94345017473,1678.81335,2236.16141
"P. aeruginosa",40,423.594196759504,311.24557,576.26227
"Acinetobacter spp.",132,1397.86084930636,1180.05639,1655.19241
