"Organism","Number_of_patients","frequency_per_tested","frequency_per_tested_lci","frequency_per_tested_uci"
"S. aureus",34,3807.39081746921,2737.22528,5273.27179
"Enterococcus spp.",10,1119.82082866741,609.38518,2048.99536
"S. pneumoniae",3,335.946248600224,114.3164,983.03015
"Salmonella spp.",10,1119.82082866741,609.38518,2048.99536
"E. coli",158,17693.1690929451,15330.18722,20332.91195
"K. pneumoniae",64,7166.85330347144,5652.25026,9048.39248
"P. aeruginosa",9,1007.83874580067,531.11994,1904.25574
"Acinetobacter spp.",22,2463.60582306831,1632.47176,3701.96704
