"Organism","Number_of_patients","frequency_per_tested","frequency_per_tested_lci","frequency_per_tested_uci"
"S. aureus",71,1073.31821617536,851.85197,1351.57682
"Enterococcus spp.",32,483.749055177627,342.88194,682.09289
"S. pneumoniae",8,120.937263794407,61.29422,238.47816
"Salmonella spp.",13,196.523053665911,114.8888,335.96742
"E. coli",250,3779.28949357521,3345.92685,4266.3035
"K. pneumoniae",76,1148.90400604686,918.95781,1435.55483
"P. aeruginosa",12,181.40589569161,103.80499,316.83446
"Acinetobacter spp.",43,650.037792894936,482.97026,874.38902
