"Organism","Number_of_patients","frequency_per_tested","frequency_per_tested_lci","frequency_per_tested_uci"
"S. aureus",212,1069.41081517353,935.40849,1222.37283
"Enterococcus spp.",123,620.46004842615,520.31009,739.74366
"S. pneumoniae",43,216.908797417272,161.08384,292.02377
"Salmonella spp.",62,312.752219531881,244.06519,400.69213
"E. coli",524,2643.26069410815,2428.96023,2875.91101
"K. pneumoniae",281,1417.47376916868,1262.07856,1591.6938
"P. aeruginosa",117,590.193704600484,492.72153,706.81125
"Acinetobacter spp.",246,1240.9200968523,1095.98871,1404.74471
