"Organism","Number_of_patients","frequency_per_tested","frequency_per_tested_lci","frequency_per_tested_uci"
"S. aureus",49,1158.39243498818,877.36178,1528.05325
"Enterococcus spp.",21,496.45390070922,324.94831,757.79084
"S. pneumoniae",9,212.765957446809,111.97923,403.89882
"Salmonella spp.",7,165.48463356974,80.1846,341.2166
"E. coli",150,3546.09929078014,3029.57757,4146.91833
"K. pneumoniae",59,1394.79905437352,1082.90395,1794.89532
"P. aeruginosa",9,212.765957446809,111.97923,403.89882
"Acinetobacter spp.",25,591.016548463357,400.65067,871.04217
