"Organism","Number_of_patients","frequency_per_tested","frequency_per_tested_lci","frequency_per_tested_uci"
"S. aureus",79,1004.19473751112,806.54375,1249.67171
"Enterococcus spp.",10,127.1132579128,69.06186,233.84678
"S. pneumoniae",27,343.205796364561,235.98628,498.8965
"Salmonella spp.",54,686.411592729122,526.49474,894.46463
"E. coli",192,2440.57455192577,2122.10408,2805.46892
"K. pneumoniae",61,775.390873268082,604.15256,994.67851
"P. aeruginosa",10,127.1132579128,69.06186,233.84678
"Acinetobacter spp.",18,228.803864243041,144.78292,361.40767
